{
    "name": "SR5e_es",
    "title": "Shadowrun 5th Edition [ES]",
    "description": "Translation to spanish [ES] for Shadowrun 5th Edition game",
    "version": "0.0.4",
    "minimumCoreVersion" : "0.7.9",
    "author": "Silverhand",
        
    "scripts": [],
    "styles": [],
    "packs": [],
    
    "languages": [
      {
        "lang": "es",
        "name": "español",
        "path": "dist/locale/es/config.json"
      }
    ],
    
    "url": "https://github.com/CSalamanca/Foundry-VTT-Shadowrun-ES",
	"manifest": "https://raw.githubusercontent.com/CSalamanca/Foundry-VTT-Shadowrun-ES/main/sr5e_es/module.json",
	"download": "https://raw.githubusercontent.com/CSalamanca/Foundry-VTT-Shadowrun-ES/main/sr5e_es.zip"
  }
  
